First Name,Email Contact,Last Name,Sms Contact,Whatsapp Contact
Divu,Random@gmail.com,jha,919899031569    ,919899031569    
Divu,Random@gmail.com,jha,918743030370    ,918743030370    
Divu,Random@gmail.com,jha,918700944302    ,918700944302    
Divu,Random@gmail.com,jha,919540142527    ,919540142527    
Divu,Random@gmail.com,jha,917042500897    ,917042500897    
Divu,Random@gmail.com,jha,918178740159    ,918178740159    
Divu,Random@gmail.com,jha,917302538280    ,917302538280    
Divu,Random@gmail.com,jha,919354703160    ,919354703160    
Divu,Random@gmail.com,jha,919871127208    ,919871127208    
Divu,Random@gmail.com,jha,918595690806    ,918595690806    
Divu,Random@gmail.com,jha,918218675332    ,918218675332    
Divu,Random@gmail.com,jha,918882091675    ,918882091675    
Divu,Random@gmail.com,jha,918630073499    ,918630073499    
Divu,Random@gmail.com,jha,918920336385    ,918920336385    
Divu,Random@gmail.com,jha,918595129422    ,918595129422    
Divu,Random@gmail.com,jha,919716892063    ,919716892063    
Divu,Random@gmail.com,jha,919899765111    ,919899765111    
Divu,Random@gmail.com,jha,917827540523    ,917827540523    
Divu,Random@gmail.com,jha,919625979193    ,919625979193    
Divu,Random@gmail.com,jha,919711319138    ,919711319138    
Divu,Random@gmail.com,jha,918826984593    ,918826984593    
Divu,Random@gmail.com,jha,919818128649    ,919818128649    
Divu,Random@gmail.com,jha,919026666426    ,919026666426    
Divu,Random@gmail.com,jha,919810827058    ,919810827058    
Divu,Random@gmail.com,jha,918882271734    ,918882271734    
Divu,Random@gmail.com,jha,917042409910    ,917042409910    
Divu,Random@gmail.com,jha,918368651148    ,918368651148    
Divu,Random@gmail.com,jha,919821730152    ,919821730152    
Divu,Random@gmail.com,jha,919971759633    ,919971759633    
Divu,Random@gmail.com,jha,919971393843    ,919971393843    
Divu,Random@gmail.com,jha,917042713088    ,917042713088    
Divu,Random@gmail.com,jha,917982585759    ,917982585759    
Divu,Random@gmail.com,jha,918802717705    ,918802717705    
Divu,Random@gmail.com,jha,918287887038    ,918287887038    
Divu,Random@gmail.com,jha,918076275578    ,918076275578    
Divu,Random@gmail.com,jha,919310332034    ,919310332034    
Divu,Random@gmail.com,jha,917291881941    ,917291881941    
Divu,Random@gmail.com,jha,919953471689    ,919953471689    
Divu,Random@gmail.com,jha,918383957025    ,918383957025    
Divu,Random@gmail.com,jha,919557395241    ,919557395241    
Divu,Random@gmail.com,jha,917428020741    ,917428020741    
Divu,Random@gmail.com,jha,919953447913    ,919953447913    
Divu,Random@gmail.com,jha,919354351035    ,919354351035    
Divu,Random@gmail.com,jha,918383098648    ,918383098648    
Divu,Random@gmail.com,jha,918447880538    ,918447880538    
Divu,Random@gmail.com,jha,919599519369    ,919599519369    
Divu,Random@gmail.com,jha,917303956835    ,917303956835    
Divu,Random@gmail.com,jha,919310455217    ,919310455217    
Divu,Random@gmail.com,jha,919212464462    ,919212464462    
Divu,Random@gmail.com,jha,917982965409    ,917982965409    
